INSERT INTO CATEGORIA (ID_CATEGORIA, TITULO_CATEGORIA, DESCRICAO_CATEGORIA) 
     VALUES (1, 'LIMPEZA', 'Produtos de limpeza');
INSERT INTO CATEGORIA (ID_CATEGORIA, TITULO_CATEGORIA, DESCRICAO_CATEGORIA) 
     VALUES (2, 'HIGIENE', 'Produtos de higiene pessoal');
INSERT INTO CATEGORIA (ID_CATEGORIA, TITULO_CATEGORIA, DESCRICAO_CATEGORIA) 
     VALUES (3, 'CASA', 'Produtos para a casa');
INSERT INTO CATEGORIA (ID_CATEGORIA, TITULO_CATEGORIA, DESCRICAO_CATEGORIA) 
     VALUES (4, 'ALIMENTOS', 'Alimentos');
INSERT INTO CATEGORIA (ID_CATEGORIA, TITULO_CATEGORIA, DESCRICAO_CATEGORIA) 
     VALUES (5, 'BEBIDA', 'Bebidas');

INSERT INTO CONSUMIDOR (ID_CONSUMIDOR, NOME, EMAIL, SENHA, ID_TIPO_ACESSO, KEY_ACESSO) 
     VALUES (1, 'Mateus Sauer Govea', 'mateus.sauer@gmail.com', 'mateus', 'F', '39FUW9FUW9UR939ORU39RUORWU94UW9RU4');
INSERT INTO CONSUMIDOR (ID_CONSUMIDOR, NOME, EMAIL, SENHA, ID_TIPO_ACESSO, KEY_ACESSO) 
     VALUES (2, 'Talita Santos Castro', 'talita.santos.castro@gmail.com', 'talita', 'F', '39FUW9FUW69393OGDDSGRWUORWU94UW9RU4');

INSERT INTO LISTAS (ID_LISTA, TIPO_LISTA, TITULO, ID_CONSUMIDOR, ATIVA) 
     VALUES (1, 'P', 'LISTA PESSOAL 1', 1, 'Y');
INSERT INTO LISTAS (ID_LISTA, TIPO_LISTA, TITULO, ID_CONSUMIDOR, ATIVA) 
     VALUES (2, 'P', 'LISTA PESSOAL 2', 1, 'Y');
INSERT INTO LISTAS (ID_LISTA, TIPO_LISTA, TITULO, ID_CONSUMIDOR, ATIVA) 
     VALUES (3, 'E', 'LISTA EVENTO 1', 1, 'Y');
INSERT INTO LISTAS (ID_LISTA, TIPO_LISTA, TITULO, ID_CONSUMIDOR, ATIVA) 
     VALUES (4, 'P', 'LISTA PESSOAL 1', 2, 'Y');
INSERT INTO LISTAS (ID_LISTA, TIPO_LISTA, TITULO, ID_CONSUMIDOR, ATIVA) 
     VALUES (5, 'E', 'LISTA EVENTO 1', 2, 'Y');

INSERT INTO LISTAS_EVENTOS (ID_LISTA) 
     VALUES (3);
INSERT INTO LISTAS_EVENTOS (ID_LISTA) 
     VALUES (5);

INSERT INTO LISTAS_PESSOAIS (ID_LISTA, COMPARTILHADA) 
     VALUES (1, 'Y');
INSERT INTO LISTAS_PESSOAIS (ID_LISTA, COMPARTILHADA) 
     VALUES (2, 'N');
INSERT INTO LISTAS_PESSOAIS (ID_LISTA, COMPARTILHADA) 
     VALUES (4, 'Y');

INSERT INTO LISTA_PESSOAS (ID_LISTA, ID_CONSUMIDOR) 
     VALUES (1, 2);
INSERT INTO LISTA_PESSOAS (ID_LISTA, ID_CONSUMIDOR) 
     VALUES (4, 1);

INSERT INTO OFERTAS (ID_OFERTA, DESCRICAO, NOME, IMAGEM, ID_CONSUMIDOR, ATIVA) 
     VALUES (1, 'OFERTA CARREFOUR 10/11', 'JORNAL CARREFOUR', BLOB, 1, 'N');
INSERT INTO OFERTAS (ID_OFERTA, DESCRICAO, NOME, IMAGEM, ID_CONSUMIDOR, ATIVA) 
     VALUES (2, 'OFERTA CARREFOUR 19/11', 'JORNAL CARREFOUR', BLOB, 1, 'Y');
INSERT INTO OFERTAS (ID_OFERTA, DESCRICAO, NOME, IMAGEM, ID_CONSUMIDOR, ATIVA) 
     VALUES (3, 'OFERTA COVABRA 10/11', 'JORNAL COVABRA', BLOB, 1, 'Y');
INSERT INTO OFERTAS (ID_OFERTA, DESCRICAO, NOME, IMAGEM, ID_CONSUMIDOR, ATIVA) 
     VALUES (4, 'OFERTA RELAMPAGO 10/11', 'JORNAL ENXUTO', BLOB, 2, 'Y');

INSERT INTO PRODUTOS (ID_PRODUTO, NOME, DESCRICAO, ID_CATEGORIA, ATIVO) 
     VALUES (1, 'PASTA DE DENTE C/ FLUOR', 'Pasta de dente com fluor', 2, 'Y');
INSERT INTO PRODUTOS (ID_PRODUTO, NOME, DESCRICAO, ID_CATEGORIA, ATIVO) 
     VALUES (2, 'PASTA DE DENTE S/ FLUOR', 'Pasta de dente sem fluor', 2, 'Y');
INSERT INTO PRODUTOS (ID_PRODUTO, NOME, DESCRICAO, ID_CATEGORIA, ATIVO) 
     VALUES (3, 'PAPEL HIGIENICO', 'Papel Higienico com 12 rolos', 2, 'Y');
INSERT INTO PRODUTOS (ID_PRODUTO, NOME, DESCRICAO, ID_CATEGORIA, ATIVO) 
     VALUES (4, 'VEJA', 'Veja Multiacao', 1, 'Y');
INSERT INTO PRODUTOS (ID_PRODUTO, NOME, DESCRICAO, ID_CATEGORIA, ATIVO) 
     VALUES (5, 'COCA-COLA', 'Bebida gaseificada coca-cola', 5, 'Y');

INSERT INTO PRODUTO_CADASTRADO (ID_CONSUMIDOR, ID_PRODUTO, DATA_CADASTRO) 
     VALUES (1, 4, SYSDATE);
INSERT INTO PRODUTO_CADASTRADO (ID_CONSUMIDOR, ID_PRODUTO, DATA_CADASTRO) 
     VALUES (2, 3, SYSDATE);

INSERT INTO TIPO_ACESSO (ID_TIPO_ACESSO, DESCRICAO_ACESSO) 
     VALUES ('F', 'Acesso via Facebook');
INSERT INTO TIPO_ACESSO (ID_TIPO_ACESSO, DESCRICAO_ACESSO) 
     VALUES ('G', 'Acesso via Google Account');
INSERT INTO TIPO_ACESSO (ID_TIPO_ACESSO, DESCRICAO_ACESSO) 
     VALUES ('N', 'Acesso normal via Cadastro List Buy');

INSERT INTO UNIDADE_MEDIDA (ID_UNIDADE_MEDIDA, DESCRICAO_UNIDADE, SIGLA, ATIVA) 
     VALUES (1, 'Quilos', 'KG', 'Y');
INSERT INTO UNIDADE_MEDIDA (ID_UNIDADE_MEDIDA, DESCRICAO_UNIDADE, SIGLA, ATIVA) 
     VALUES (2, 'Litros', 'L', 'Y');
INSERT INTO UNIDADE_MEDIDA (ID_UNIDADE_MEDIDA, DESCRICAO_UNIDADE, SIGLA, ATIVA) 
     VALUES (3, 'Unidade', 'UNID', 'Y');

INSERT INTO LISTAS_X_PRODUTOS (ID_LISTA, ID_PRODUTO, QUANTIDADE, ID_UNIDADE_MEDIDA) 
     VALUES ();
INSERT INTO LISTAS_X_PRODUTOS (ID_LISTA, ID_PRODUTO, QUANTIDADE, ID_UNIDADE_MEDIDA) 
     VALUES ();
INSERT INTO LISTAS_X_PRODUTOS (ID_LISTA, ID_PRODUTO, QUANTIDADE, ID_UNIDADE_MEDIDA) 
     VALUES ();
INSERT INTO LISTAS_X_PRODUTOS (ID_LISTA, ID_PRODUTO, QUANTIDADE, ID_UNIDADE_MEDIDA) 
     VALUES ();
INSERT INTO LISTAS_X_PRODUTOS (ID_LISTA, ID_PRODUTO, QUANTIDADE, ID_UNIDADE_MEDIDA) 
     VALUES ();

INSERT INTO EVENTOS_X_PRODUTOS (ID_LISTA, ID_PRODUTO, ID_CONSUMIDOR_ASSIGN, QUANTIDADE, ID_UNIDADE_MEDIDA) 
     VALUES ();
INSERT INTO EVENTOS_X_PRODUTOS (ID_LISTA, ID_PRODUTO, ID_CONSUMIDOR_ASSIGN, QUANTIDADE, ID_UNIDADE_MEDIDA) 
     VALUES ();
INSERT INTO EVENTOS_X_PRODUTOS (ID_LISTA, ID_PRODUTO, ID_CONSUMIDOR_ASSIGN, QUANTIDADE, ID_UNIDADE_MEDIDA) 
     VALUES ();
INSERT INTO EVENTOS_X_PRODUTOS (ID_LISTA, ID_PRODUTO, ID_CONSUMIDOR_ASSIGN, QUANTIDADE, ID_UNIDADE_MEDIDA) 
     VALUES ();
INSERT INTO EVENTOS_X_PRODUTOS (ID_LISTA, ID_PRODUTO, ID_CONSUMIDOR_ASSIGN, QUANTIDADE, ID_UNIDADE_MEDIDA) 
     VALUES ();